id,name,desc,class,level,career,specialStr,resistStr,passiveEffect,suit,image,type,weaponClass,extra,,,,
E_A#1000001,破损的破布头盔,,Head,0,,ad:1|md:1,,,,,1,,0,,,,
E_A#1000002,破损的皮质头盔,,Head,0,,ad:2|md:2,,,,,1,,0,,,,
E_A#1000003,残旧的鱼皮头盔,,Head,0,,ad:0|md:4,,,,,1,,0,,,,
E_A#1000004,残旧的狼皮头盔,,Head,0,,ad:3|md:1,,,,,1,,0,,,,
E_A#1000005,残旧的虎皮头盔,,Head,0,,ad:4|md:0,,,,,1,,0,,,,
E_A#1000006,残旧的厚布头盔,,Head,0,,ad:3|md:3,,,,,1,,0,,,,
E_A#1000007,残旧的刺骨头盔,,Head,0,,ad:3|md:3,,,,,2,,0,,,,
E_A#1000008,残旧的狼骨头盔,,Head,0,,ad:3|md:3,,,,,2,,0,,,,
E_A#1000009,残旧的硬质头盔,,Head,0,,ad:3|md:3,,,,,2,,0,,,,
E_A#1000010,破损的龙骨头盔,,Head,0,,ad:3|md:3,,,,,2,,0,,,,
E_A#1000011,破损的兽骨头盔 ,,Head,0,,ad:3|md:3,,,,,2,,0,,,,
E_A#1000012,战损的骨质头盔,,Head,0,,ad:3|md:3,,,,,2,,0,,,,
E_A#1000013,破损的骑士头盔,,Head,0,,ad:3|md:3,,,,,3,,0,,,,
E_A#1000014,破损的重甲头盔,,Head,0,,ad:3|md:3,,,,,3,,0,,,,
E_A#1000015,残旧的盔甲头盔,,Head,0,,ad:3|md:3,,,,,3,,0,,,,
E_A#1000016,残旧的青铜头盔,,Head,0,,ad:3|md:3,,,,,3,,0,,,,
E_A#1000017,残旧的黑铁头盔,,Head,0,,ad:3|md:3,,,,,3,,0,,,,
E_A#1000018,残旧的银质头盔,,Head,0,,ad:3|md:3,,,,,3,,0,,,,
E_A#1000019,破损的结晶头盔,,Head,0,,ad:3|md:3,,,,,4,,0,,,,
E_A#1000020,破损的晶石头盔,,Head,0,,ad:3|md:3,,,,,4,,0,,,,
E_A#1000021,残旧的钛钢头盔 ,,Head,0,,ad:3|md:3,,,,,4,,0,,,,
E_A#1000022,战损的黑晶头盔,,Head,0,,ad:3|md:3,,,,,4,,0,,,,
E_A#1000023,残旧的铁板头盔,,Head,0,,ad:3|md:3,,,,,4,,0,,,,
E_A#1000024,残旧的晶体头盔,,Head,0,,ad:3|md:3,,,,,4,,0,,,,
E_A#1000025,战场骑士的猪皮头盔,,Head,1,,ad:5|md:5,,,,,1,,0,,,,
E_A#1000026,黑曜石狼皮头盔,,Head,1,,ad:6|md:4,,,,,1,,0,,,,
E_A#1000027,将领的虎皮头盔,,Head,1,,ad:8|md:2,,,,,1,,0,,,,
E_A#1000028,圣斗士麻布头盔,,Head,1,,ad:4|md:6,,,,,1,,0,,,,
E_A#1000029,黑曜石兽皮头盔,,Head,1,,ad:2|md:8,,,,,1,,0,,,,
E_A#1000030,黑曜石虎骨头盔,,Head,1,,ad:7:ad:7,,,,,2,,0,,,,
E_A#1000031,黑曜石精骨头盔 ,,Head,1,,ad:7:ad:7,,,,,2,,0,,,,
E_A#1000032,将领的狼骨头盔,,Head,1,,ad:7:ad:7,,,,,2,,0,,,,
E_A#1000033,圣斗士龙骨头盔,,Head,1,,ad:7:ad:7,,,,,2,,0,,,,
E_A#1000034,战场骑士的鱼骨头盔,,Head,1,,ad:7:ad:7,,,,,2,,0,,,,
E_A#1000035,战场骑士的头盔,,Head,1,,ad:7:ad:7,,,,,3,,0,,,,
E_A#1000036,黑曜石头盔,,Head,1,,ad:7:ad:7,,,,,3,,0,,,,
E_A#1000037,将领的黑铁头盔,,Head,1,,ad:7:ad:7,,,,,3,,0,,,,
E_A#1000038,圣斗士青铜头盔,,Head,1,,ad:7:ad:7,,,,,3,,0,,,,
E_A#1000039,诅咒的黑石头盔,,Head,1,,ad:7:ad:7,,,,,3,,0,,,,
E_A#1000040,战场骑士的结晶头盔,,Head,1,,ad:7:ad:7,,,,,4,,0,,,,
E_A#1000041,黑曜石晶石头盔,,Head,1,,ad:7:ad:7,,,,,4,,0,,,,
E_A#1000042,将领的钛钢头盔,,Head,1,,ad:7:ad:7,,,,,4,,0,,,,
E_A#1000043,圣斗士黑晶头盔,,Head,1,,ad:7:ad:7,,,,,4,,0,,,,
E_A#1000044,黑曜石铁板头盔,,Head,1,,ad:7:ad:7,,,,,4,,0,,,,
E_A#1000045,魔女幻想头盔,,Head,2,,ad:3|md:15,,,E_G#001,,1,,0,,,,
E_A#1000046,精灵祝福头盔,,Head,2,,ad:12|md:12,,,E_G#002,,1,,0,,,,
E_A#1000047,恶魔的契约头盔,,Head,2,,ad:15|md:3,,,E_G#003,,1,,0,,,,
E_A#1000048,鬼龙的灵魂头盔,,Head,2,,ad:10|md:10,,,,,2,,0,,,,
E_A#1000049,混沌武士头盔,,Head,2,,ad:10|md:10,,,,,2,,0,,,,
E_A#1000050,熔岩沸腾头盔,,Head,2,,ad:10|md:10,,,,,2,,0,,,,
E_A#1000051,英雄之证头盔,,Head,2,,ad:10|md:10,,,,,3,,0,,,,
E_A#1000052,神斗士的铂金头盔  ,,Head,2,,ad:10|md:10,,,,,3,,0,,,,
E_A#1000053,未来战士的纳米头盔,,Head,2,,ad:10|md:10,,,,,3,,0,,,,
E_A#1000054,圣堂骑士头盔,,Head,2,,ad:10|md:10,,,,,4,,0,,,,
E_A#1000055,时之流逝头盔,,Head,2,,ad:10|md:10,,,,,4,,0,,,,
E_A#1000056,天神之风头盔,,Head,2,,ad:10|md:10,,,,,4,,0,,,,
E_A#1000057,枯萎之森头盔,,Head,3,,ad:15|md:15,,,E_G#004,,1,,0,,,,
E_A#1000058,伊丽莎白的面纱头盔,,Head,3,,ad:5|md:20,,,E_G#005,,1,,0,,,,
E_A#1000059,胜利荣誉头盔,,Head,3,,ad:20|md:5,,,E_G#006,,2,,0,,,,
E_A#1000060,双子星的抉择头盔,,Head,3,,ad:18|md:10,,,E_G#007,,2,,0,,,,
E_A#1000061,太阳神的耀光头盔 ,,Head,3,,ad:13|md:13,,,,,3,,0,,,,
E_A#1000062,亚瑟王的荣耀头盔,,Head,3,,ad:13|md:14,,,,,3,,0,,,,
E_A#1000063,飞升天启者头盔,,Head,3,,ad:13|md:15,,,,,4,,0,,,,
E_A#1000064,耀光女神的神圣头盔,,Head,3,,ad:13|md:16,,,,,4,,0,,,,
E_A#1000065,残旧的破布上衣,,Breast,0,,ad:1|md:1,,,,,1,,0,,,,
E_A#1000066,破损的皮质上衣,,Breast,0,,ad:2|md:2,,,,,1,,0,,,,
E_A#1000067,残旧的鱼皮上衣,,Breast,0,,ad:1|md:5,,,,,1,,0,,,,
E_A#1000068,残旧的狼皮上衣,,Breast,0,,ad:4|md:2,,,,,1,,0,,,,
E_A#1000069,残旧的虎皮上衣,,Breast,0,,ad:5|md:1,,,,,1,,0,,,,
E_A#1000070,残旧的厚布上衣,,Breast,0,,ad:3|md:3,,,,,1,,0,,,,
E_A#1000071,残旧的龙骨上衣,,Breast,0,,hp:10|md:3,,,,,2,,0,,,,
E_A#1000072,残旧的青骨上衣,,Breast,0,,hp:10|ad:3,,,,,2,,0,,,,
E_A#1000073,残旧的轻甲上衣,,Breast,0,,hp:17,,,,,2,,0,,,,
E_A#1000074,破损的骨质上衣,,Breast,0,,hp:8|ad:2|md:2,,,,,2,,0,,,,
E_A#1000075,破损的兽骨上衣,,Breast,0,,hp:8|ad:5,,,,,2,,0,,,,
E_A#1000076,战损的黑骨上衣,,Breast,0,,hp:8|md:5,,,,,2,,0,,,,
E_A#1000077,破损的骑士上衣,,Breast,0,,hp:20,,,,,3,,0,,,,
E_A#1000078,破损的重甲上衣,,Breast,0,,hp:20,,,,,3,,0,,,,
E_A#1000079,残旧的盔甲上衣,,Breast,0,,hp:20,,,,,3,,0,,,,
E_A#1000080,残旧的青铜上衣,,Breast,0,,hp:20,,,,,3,,0,,,,
E_A#1000081,残旧的黑铁上衣,,Breast,0,,hp:20,,,,,3,,0,,,,
E_A#1000082,残旧的银质上衣,,Breast,0,,hp:20,,,,,3,,0,,,,
E_A#1000083,破损的结晶上衣,,Breast,0,,hp:20,,,,,4,,0,,,,
E_A#1000084,破损的晶石上衣,,Breast,0,,hp:20,,,,,4,,0,,,,
E_A#1000085,残旧的钛钢上衣 ,,Breast,0,,hp:20,,,,,4,,0,,,,
E_A#1000086,战损的黑晶上衣,,Breast,0,,hp:20,,,,,4,,0,,,,
E_A#1000087,残旧的铁板上衣,,Breast,0,,hp:20,,,,,4,,0,,,,
E_A#1000088,残旧的晶体上衣,,Breast,0,,hp:20,,,,,4,,0,,,,
E_A#1000089,战场骑士的猪皮上衣,,Breast,1,,ad:6|md:6,,,,,1,,0,,,,
E_A#1000090,黑曜石狼皮上衣,,Breast,1,,ad:8|md:4,,,,,1,,0,,,,
E_A#1000091,将领的虎皮上衣,,Breast,1,,ad:10|md:2,,,,,1,,0,,,,
E_A#1000092,圣斗士麻布上衣,,Breast,1,,ad:4|md:8,,,,,1,,0,,,,
E_A#1000093,黑曜石兽皮上衣,,Breast,1,,ad:2|md:10,,,,,1,,0,,,,
E_A#1000094,黑曜石虎骨上衣,,Breast,1,,hp:22|ad:8,,,,,2,,0,,,,
E_A#1000095,黑曜石精骨上衣,,Breast,1,,hp:22|ad:9,,,,,2,,0,,,,
E_A#1000096,将领的狼骨上衣 ,,Breast,1,,hp:22|ad:10,,,,,2,,0,,,,
E_A#1000097,圣斗士龙骨上衣 ,,Breast,1,,hp:22|ad:11,,,,,2,,0,,,,
E_A#1000098,战场骑士的鱼骨上衣,,Breast,1,,hp:22|ad:12,,,,,2,,0,,,,
E_A#1000099,战场骑士的盔甲上衣,,Breast,1,,hp:25,,,,,3,,0,,,,
E_A#1000100,黑曜石盔甲上衣,,Breast,1,,hp:25,,,,,3,,0,,,,
E_A#1000101,将领的黑铁上衣,,Breast,1,,hp:25,,,,,3,,0,,,,
E_A#1000102,圣斗士青铜上衣,,Breast,1,,hp:25,,,,,3,,0,,,,
E_A#1000103,诅咒的黑石上衣,,Breast,1,,hp:25,,,,,3,,0,,,,
E_A#1000104,战场骑士的结晶上衣,,Breast,1,,hp:25,,,,,4,,0,,,,
E_A#1000105,黑曜石晶石上衣,,Breast,1,,hp:25,,,,,4,,0,,,,
E_A#1000106,将领的钛钢上衣,,Breast,1,,hp:25,,,,,4,,0,,,,
E_A#1000107,圣斗士黑晶上衣,,Breast,1,,hp:25,,,,,4,,0,,,,
E_A#1000108,黑曜石铁板上衣,,Breast,1,,hp:25,,,,,4,,0,,,,
E_A#1000109,魔女幻想上衣,,Breast,2,,ad:5|md:20,,,E_G#001,,1,,0,,,,
E_A#1000110,精灵祝福上衣,,Breast,2,,ad:18|md:18,,,E_G#002,,1,,0,,,,
E_A#1000111,恶魔的契约上衣,,Breast,2,,ad:20|md:5,,,E_G#003,,1,,0,,,,
E_A#1000112,骸龙的风尘上衣,,Breast,2,,hp:35,,,,,2,,0,,,,
E_A#1000113,混沌武士上衣,,Breast,2,,hp:35,,,,,2,,0,,,,
E_A#1000114,炎魂燃烧上衣,,Breast,2,,hp:35,,,,,2,,0,,,,
E_A#1000115,英雄之证上衣,,Breast,2,,hp:35,,,,,3,,0,,,,
E_A#1000116,神斗士的铂金上衣,,Breast,2,,hp:35,,,,,3,,0,,,,
E_A#1000117,未来战士的纳米上衣,,Breast,2,,hp:35,,,,,3,,0,,,,
E_A#1000118,圣堂骑士上衣,,Breast,2,,hp:35,,,,,4,,0,,,,
E_A#1000119,时之流逝上衣,,Breast,2,,hp:35,,,,,4,,0,,,,
E_A#1000120,天神之雷上衣,,Breast,2,,hp:35,,,,,4,,0,,,,
E_A#1000121,腐蚀大地上衣,,Breast,3,,ad:28|md:15,,,E_G#004,,1,,0,,,,
E_A#1000122,德古拉的贵族上衣,,Breast,3,,ad:15|md:28,,,E_G#005,,1,,0,,,,
E_A#1000123,百战不灭上衣,,Breast,3,,ad:20|md:20,,,E_G#006,,2,,0,,,,
E_A#1000124,天狼星的闪烁上衣 ,,Breast,3,,ad:20|md:20,,,E_G#007,,2,,0,,,,
E_A#1000125,战神的巨灵上衣 ,,Breast,3,,hp:45,,,,,3,,0,,,,
E_A#1000126,吉尔伽美什的黄金上衣,,Breast,3,,hp:45,,,,,3,,0,,,,
E_A#1000127,前锋圣职者上衣,,Breast,3,,hp:45,,,,,4,,0,,,,
E_A#1000128,大地女神的武力上衣,,Breast,3,,hp:45,,,,,4,,0,,,,
E_A#1000129,破损的破布下装,,Leg,0,,ad:1|md:1,,,,,1,,0,,,,
E_A#1000130,破损的皮质下装,,Leg,0,,ad:2|md:2,,,,,1,,0,,,,
E_A#1000131,残旧的鱼皮下装,,Leg,0,,ad:1|md:5,,,,,1,,0,,,,
E_A#1000132,残旧的狼皮下装,,Leg,0,,ad:4|md:2,,,,,1,,0,,,,
E_A#1000133,残旧的虎皮下装,,Leg,0,,ad:5|md:1,,,,,1,,0,,,,
E_A#1000134,残旧的厚布下装,,Leg,0,,ad:3|md:3,,,,,1,,0,,,,
E_A#1000135,残旧的龙骨下装,,Leg,0,,ad:4|md:4,,,,,2,,0,,,,
E_A#1000136,残旧的青骨下装,,Leg,0,,ad:4|md:4,,,,,2,,0,,,,
E_A#1000137,残旧的轻甲下装,,Leg,0,,ad:4|md:4,,,,,2,,0,,,,
E_A#1000138,破损的骨质下装,,Leg,0,,ad:4|md:4,,,,,2,,0,,,,
E_A#1000139,破损的兽骨下装 ,,Leg,0,,ad:4|md:4,,,,,2,,0,,,,
E_A#1000140,战损的黑骨下装 ,,Leg,0,,ad:4|md:4,,,,,2,,0,,,,
E_A#1000141,破损的骑士裤子,,Leg,0,,ad:4|md:4,,,,,3,,0,,,,
E_A#1000142,破损的重甲裤子,,Leg,0,,ad:4|md:4,,,,,3,,0,,,,
E_A#1000143,残旧的盔甲裤子,,Leg,0,,ad:4|md:4,,,,,3,,0,,,,
E_A#1000144,残旧的青铜裤子,,Leg,0,,ad:4|md:4,,,,,3,,0,,,,
E_A#1000145,残旧的黑铁裤子,,Leg,0,,ad:4|md:4,,,,,3,,0,,,,
E_A#1000146,残旧的银质裤子,,Leg,0,,ad:4|md:4,,,,,3,,0,,,,
E_A#1000147,破损的结晶下装,,Leg,0,,ad:4|md:4,,,,,4,,0,,,,
E_A#1000148,破损的晶石下装,,Leg,0,,ad:4|md:4,,,,,4,,0,,,,
E_A#1000149,残旧的钛钢下装 ,,Leg,0,,ad:4|md:4,,,,,4,,0,,,,
E_A#1000150,战损的黑晶下装,,Leg,0,,ad:4|md:4,,,,,4,,0,,,,
E_A#1000151,残旧的铁板下装,,Leg,0,,ad:4|md:4,,,,,4,,0,,,,
E_A#1000152,残旧的晶体下装,,Leg,0,,ad:4|md:4,,,,,4,,0,,,,
E_A#1000153,战场骑士的猪皮下装 ,,Leg,1,,ad:5|md:5,,,,,1,,0,,,,
E_A#1000154,黑曜石狼皮下装,,Leg,1,,ad:7|md:3,,,,,1,,0,,,,
E_A#1000155,将领的虎皮下装,,Leg,1,,ad:10|md:0,,,,,1,,0,,,,
E_A#1000156,圣斗士麻布下装,,Leg,1,,ad:5|md:5,,,,,1,,0,,,,
E_A#1000157,黑曜石兽皮下装,,Leg,1,,ad:3|md:7,,,,,1,,0,,,,
E_A#1000158,黑曜石虎骨下装,,Leg,1,,ad:9|md:9,,,,,2,,0,,,,
E_A#1000159,黑曜石精骨下装 ,,Leg,1,,ad:9|md:9,,,,,2,,0,,,,
E_A#1000160,将领的狼骨下装,,Leg,1,,ad:9|md:9,,,,,2,,0,,,,
E_A#1000161,圣斗士龙骨下装,,Leg,1,,ad:9|md:9,,,,,2,,0,,,,
E_A#1000162,战场骑士的鱼骨下装,,Leg,1,,ad:9|md:9,,,,,2,,0,,,,
E_A#1000163,战场骑士的盔甲下装 ,,Leg,1,,ad:9|md:9,,,,,3,,0,,,,
E_A#1000164,黑曜石盔甲下装,,Leg,1,,ad:9|md:9,,,,,3,,0,,,,
E_A#1000165,将领的黑铁下装,,Leg,1,,ad:9|md:9,,,,,3,,0,,,,
E_A#1000166,圣斗士青铜下装,,Leg,1,,ad:9|md:9,,,,,3,,0,,,,
E_A#1000167,诅咒的黑石下装,,Leg,1,,ad:9|md:9,,,,,3,,0,,,,
E_A#1000168,战场骑士的结晶下装,,Leg,1,,ad:9|md:9,,,,,4,,0,,,,
E_A#1000169,黑曜石晶石下装,,Leg,1,,ad:9|md:9,,,,,4,,0,,,,
E_A#1000170,将领的钛钢下装,,Leg,1,,ad:9|md:9,,,,,4,,0,,,,
E_A#1000171,圣斗士黑晶下装,,Leg,1,,ad:9|md:9,,,,,4,,0,,,,
E_A#1000172,黑曜石铁板下装,,Leg,1,,ad:9|md:9,,,,,4,,0,,,,
E_A#1000173,魔女幻想下装,,Leg,2,,ad:5|md:15,,,E_G#001,,1,,0,,,,
E_A#1000174,精灵祝福下装,,Leg,2,,ad:15|md:15,,,E_G#002,,1,,0,,,,
E_A#1000175,恶魔的契约下装,,Leg,2,,ad:15|md:5,,,E_G#003,,1,,0,,,,
E_A#1000176,混沌武士下装,,Leg,2,,ad:18|md:18,,,,,2,,0,,,,
E_A#1000177,烈焰燎原下装 ,,Leg,2,,ad:18|md:18,,,,,2,,0,,,,
E_A#1000178,魔龙的黑火下装,,Leg,2,,ad:18|md:18,,,,,2,,0,,,,
E_A#1000179,英雄之证下装,,Leg,2,,ad:18|md:18,,,,,3,,0,,,,
E_A#1000180,神斗士的铂金下装 ,,Leg,2,,ad:18|md:18,,,,,3,,0,,,,
E_A#1000181,未来战士的纳米下装,,Leg,2,,ad:18|md:18,,,,,3,,0,,,,
E_A#1000182,圣堂骑士下装,,Leg,2,,ad:18|md:18,,,,,4,,0,,,,
E_A#1000183,时之流逝下装,,Leg,2,,ad:18|md:18,,,,,4,,0,,,,
E_A#1000184,天神之光下装,,Leg,2,,ad:18|md:18,,,,,4,,0,,,,
E_A#1000185,深渊沼泽下装,,Leg,3,,ad:25|md:0,,,E_G#004,,1,,0,,,,
E_A#1000186,卡米拉的魅力下装,,Leg,3,,ad:5|md:20,,,E_G#005,,1,,0,,,,
E_A#1000187,命运英豪下装,,Leg,3,,ad:20|md:20,,,E_G#006,,2,,0,,,,
E_A#1000188,巨流星的陨落下装 ,,Leg,3,,ad:20|md:20,,,E_G#007,,2,,0,,,,
E_A#1000189,雷神的庇护下装,,Leg,3,,ad:20|md:20,,,,,3,,0,,,,
E_A#1000190,征服王的百战下装,,Leg,3,,ad:20|md:20,,,,,3,,0,,,,
E_A#1000191,守护圣骑士下装,,Leg,3,,ad:20|md:20,,,,,4,,0,,,,
E_A#1000192,森林女神的智慧下装,,Leg,3,,ad:20|md:20,,,,,4,,0,,,,
E_W#1000001,破损的骑士重剑,,Hand,0,fighter,at:4|ad:1,,,,,0,Claymore,0,,,,
E_W#1000002,生锈的黑铁重剑,,Hand,0,fighter,at:4|ad:1,,,,,0,Claymore,0,,,,
E_W#1000003,老旧的精钢重剑,,Hand,0,fighter,at:4|ad:1,,,,,0,Claymore,0,,,,
E_W#1000004,遗弃的骑士重剑,,Hand,0,fighter,at:4|ad:1,,,,,0,Claymore,0,,,,
E_W#1000005,普通的黑钢重剑 ,,Hand,0,fighter,at:4|ad:1,,,,,0,Claymore,0,,,,
E_W#1000006,锋利的水晶重剑,,Hand,0,fighter,at:4|ad:1,,,,,0,Claymore,0,,,,
E_W#1000007,精良的宝石重剑,,Hand,0,fighter,at:4|ad:1,,,,,0,Claymore,0,,,,
E_W#1000008,破损的骑士长枪,,Hand,0,fighter,at:5,,,,,0,Longhandle,0,,,,
E_W#1000009,生锈的黑铁长枪,,Hand,0,fighter,at:5,,,,,0,Longhandle,0,,,,
E_W#1000010,老旧的精钢长枪,,Hand,0,fighter,at:5,,,,,0,Longhandle,0,,,,
E_W#1000011,遗弃的骑士长枪,,Hand,0,fighter,at:5,,,,,0,Longhandle,0,,,,
E_W#1000012,普通的黑钢长枪 ,,Hand,0,fighter,at:5,,,,,0,Longhandle,0,,,,
E_W#1000013,锋利的水晶长枪,,Hand,0,fighter,at:5,,,,,0,Longhandle,0,,,,
E_W#1000014,精良的宝石长枪,,Hand,0,fighter,at:5,,,,,0,Longhandle,0,,,,
E_W#1000015,破损的刺客弓,,Hand,0,ranger,at:3|crit:1,,,,,0,Bow,0,,,,
E_W#1000016,生锈的黑铁弓箭,,Hand,0,ranger,at:3|accur:3,,,,,0,Bow,0,,,,
E_W#1000017,老旧的精钢弓箭,,Hand,0,ranger,at:3|accur:3,,,,,0,Bow,0,,,,
E_W#1000018,遗弃的骑士弓箭,,Hand,0,ranger,at:3|accur:3,,,,,0,Bow,0,,,,
E_W#1000019,普通的黑钢弓箭 ,,Hand,0,ranger,at:3|accur:3,,,,,0,Bow,0,,,,
E_W#1000020,锋利的水晶弓箭,,Hand,0,ranger,at:3|accur:3,,,,,0,Bow,0,,,,
E_W#1000021,精良的宝石弓箭,,Hand,0,ranger,at:3|accur:3,,,,,0,Bow,0,,,,
E_W#1000022,破损的骑士双刀,,Hand,0,ranger,at:3|crit:1,,,,,0,Sharp,0,,,,
E_W#1000023,生锈的黑铁双刀,,Hand,0,ranger,at:3|crit:1,,,,,0,Sharp,0,,,,
E_W#1000024,老旧的精钢双刀,,Hand,0,ranger,at:3|crit:1,,,,,0,Sharp,0,,,,
E_W#1000025,遗弃的骑士双刀,,Hand,0,ranger,at:3|crit:1,,,,,0,Sharp,0,,,,
E_W#1000026,普通的黑钢双刀,,Hand,0,ranger,at:3|crit:1,,,,,0,Sharp,0,,,,
E_W#1000027,精良的战士双刀,,Hand,0,ranger,at:3|crit:1,,,,,0,Sharp,0,,,,
E_W#1000028,锋利的水晶双刀,,Hand,0,ranger,at:3|crit:1,,,,,0,Sharp,0,,,,
E_W#1000029,破损的骑士十字架,,Hand,0,priest,mt:3|md:2,,,,,0,Amulet,0,,,,
E_W#1000030,生锈的黑铁十字架,,Hand,0,priest,mt:3|md:2,,,,,0,Amulet,0,,,,
E_W#1000031,老旧的精钢十字架,,Hand,0,priest,mt:3|md:2,,,,,0,Amulet,0,,,,
E_W#1000032,遗弃的骑士十字架,,Hand,0,priest,mt:3|md:2,,,,,0,Amulet,0,,,,
E_W#1000033,普通的黑钢十字架 ,,Hand,0,priest,mt:3|md:2,,,,,0,Amulet,0,,,,
E_W#1000034,锋利的水晶十字架,,Hand,0,priest,mt:3|md:2,,,,,0,Amulet,0,,,,
E_W#1000035,精良的宝石十字架,,Hand,0,priest,mt:3|md:2,,,,,0,Amulet,0,,,,
E_W#1000036,破损的法师法杖,,Hand,0,caster,mt:5,,,,,0,Enhance,0,,,,
E_W#1000037,生锈的黑铁法杖,,Hand,0,caster,mt:5,,,,,0,Enhance,0,,,,
E_W#1000038,老旧的精钢法杖,,Hand,0,caster,mt:5,,,,,0,Enhance,0,,,,
E_W#1000039,遗弃的骑士法杖,,Hand,0,caster,mt:5,,,,,0,Enhance,0,,,,
E_W#1000040,普通的黑钢法杖,,Hand,0,caster,mt:5,,,,,0,Enhance,0,,,,
E_W#1000041,精良的战士法杖,,Hand,0,caster,mt:5,,,,,0,Enhance,0,,,,
E_W#1000042,锋利的水晶法杖,,Hand,0,caster,mt:5,,,,,0,Enhance,0,,,,
E_W#1000043,破损的魔法书,,Hand,0,caster,mt:3|cirt:1,,,,,0,Assist,0,,,,
E_W#1000044,生锈的黑铁魔法书,,Hand,0,caster,mt:3|cirt:1,,,,,0,Assist,0,,,,
E_W#1000045,老旧的精钢魔法书,,Hand,0,caster,mt:3|cirt:1,,,,,0,Assist,0,,,,
E_W#1000046,遗弃的法师魔法书,,Hand,0,caster,mt:3|cirt:1,,,,,0,Assist,0,,,,
E_W#1000047,普通的黑钢魔法书,,Hand,0,caster,mt:3|cirt:1,,,,,0,Assist,0,,,,
E_W#1000048,锋利的水晶魔法书,,Hand,0,caster,mt:3|cirt:1,,,,,0,Assist,0,,,,
E_W#1000049,精良的宝石魔法书,,Hand,0,caster,mt:3|cirt:1,,,,,0,Assist,0,,,,
E_W#1000050,黑铁重剑 ,,Hand,1,fighter,at:7,,,,,0,Claymore,0,,,,
E_W#1000051,双刃大剑,,Hand,1,fighter,at:7,,,,,0,Claymore,0,,,,
E_W#1000052,宽刃骑士重剑,,Hand,1,fighter,at:7,,,,,0,Claymore,0,,,,
E_W#1000053,黑宝石大剑,,Hand,1,fighter,at:7,,,,,0,Claymore,0,,,,
E_W#1000054,执行者大剑,,Hand,1,fighter,at:7,,,,,0,Claymore,0,,,,
E_W#1000055,黑曜石骑士大剑,,Hand,1,fighter,at:7,,,,,0,Claymore,0,,,,
E_W#1000056,战争大剑,,Hand,1,fighter,at:7,,,,,0,Claymore,0,,,,
E_W#1000057,黑铁长枪,,Hand,1,fighter,at:7,,,,,0,Longhandle,0,,,,
E_W#1000058,武士长枪,,Hand,1,fighter,at:7,,,,,0,Longhandle,0,,,,
E_W#1000059,大蛇长枪,,Hand,1,fighter,at:7,,,,,0,Longhandle,0,,,,
E_W#1000060,水晶骑士长枪,,Hand,1,fighter,at:7,,,,,0,Longhandle,0,,,,
E_W#1000061,武士暗影长枪,,Hand,1,fighter,at:7,,,,,0,Longhandle,0,,,,
E_W#1000062,黑铁弓箭,,Hand,1,ranger,at:7,,,,,0,Bow,0,,,,
E_W#1000063,黑宝石弓箭,,Hand,1,ranger,at:7,,,,,0,Bow,0,,,,
E_W#1000064,重型刺客弓箭,,Hand,1,ranger,at:5|accur:4,,,,,0,Bow,0,,,,
E_W#1000065,黑钢弓箭,,Hand,1,ranger,at:5|accur:4,,,,,0,Bow,0,,,,
E_W#1000066,执行者弓箭,,Hand,1,ranger,at:5|accur:4,,,,,0,Bow,0,,,,
E_W#1000067,黑曜石骑士弓箭,,Hand,1,ranger,at:5|accur:4,,,,,0,Bow,0,,,,
E_W#1000068,战争弓箭,,Hand,1,ranger,at:5|accur:4,,,,,0,Bow,0,,,,
E_W#1000069,黑铁双刀,,Hand,1,ranger,at:4|crit:2,,,,,0,Sharp,0,,,,
E_W#1000070,武士双刀,,Hand,1,ranger,at:4|crit:2,,,,,0,Sharp,0,,,,
E_W#1000071,大蛇双刀,,Hand,1,ranger,at:4|crit:2,,,,,0,Sharp,0,,,,
E_W#1000072,水晶骑士双刀,,Hand,1,ranger,at:4|crit:2,,,,,0,Sharp,0,,,,
E_W#1000073,武士暗影双刀,,Hand,1,ranger,at:4|crit:2,,,,,0,Sharp,0,,,,
E_W#1000074,黑曜石骑士双刀,,Hand,1,ranger,at:4|crit:2,,,,,0,Sharp,0,,,,
E_W#1000075,百战骑士双刀,,Hand,1,ranger,at:4|crit:2,,,,,0,Sharp,0,,,,
E_W#1000076,黑铁十字架,,Hand,1,priest,mt:5|md:3,,,,,0,Amulet,0,,,,
E_W#1000077,牧师十字架,,Hand,1,priest,mt:5|md:3,,,,,0,Amulet,0,,,,
E_W#1000078,大蛇十字架,,Hand,1,priest,mt:5|md:3,,,,,0,Amulet,0,,,,
E_W#1000079,水晶十字架,,Hand,1,priest,mt:5|md:3,,,,,0,Amulet,0,,,,
E_W#1000080,暗影十字架,,Hand,1,priest,mt:5|md:3,,,,,0,Amulet,0,,,,
E_W#1000081,黑曜石十字架,,Hand,1,priest,mt:5|md:3,,,,,0,Amulet,0,,,,
E_W#1000082,百战十字架,,Hand,1,priest,mt:5|md:3,,,,,0,Amulet,0,,,,
E_W#1000083,黑铁法杖,,Hand,1,caster,mt:7,,,,,0,Enhance,0,,,,
E_W#1000084,武士法杖,,Hand,1,caster,mt:7,,,,,0,Enhance,0,,,,
E_W#1000085,大蛇法杖,,Hand,1,caster,mt:7,,,,,0,Enhance,0,,,,
E_W#1000086,水晶法杖,,Hand,1,caster,mt:7,,,,,0,Enhance,0,,,,2
E_W#1000087,武士暗影法杖,,Hand,1,caster,mt:7,,,,,0,Enhance,0,,,,
E_W#1000088,黑曜石骑士法杖,,Hand,1,caster,mt:7,,,,,0,Enhance,0,,,,
E_W#1000089,百战骑士法杖,,Hand,1,caster,mt:7,,,,,0,Enhance,0,,,,
E_W#1000090,黑铁魔法书,,Hand,1,caster,mt:5|cirt:2,,,,,0,Assist,0,,,,
E_W#1000091,黑宝石魔法书,,Hand,1,caster,mt:5|cirt:2,,,,,0,Assist,0,,,,
E_W#1000092,重型法师魔法书,,Hand,1,caster,mt:5|cirt:2,,,,,0,Assist,0,,,,
E_W#1000093,黑钢魔法书,,Hand,1,caster,mt:5|cirt:2,,,,,0,Assist,0,,,,
E_W#1000094,执行者魔法书,,Hand,1,caster,mt:5|cirt:2,,,,,0,Assist,0,,,,
E_W#1000095,黑曜石法师魔法书,,Hand,1,caster,mt:5|cirt:2,,,,,0,Assist,0,,,,
E_W#1000096,战争魔法书,,Hand,1,caster,mt:5|cirt:2,,,,,0,Assist,0,,,,
E_W#1000097,次元大剑,,Hand,2,fighter,at:10,,,,,0,Claymore,0,,,,
E_W#1000098,执行巨剑,,Hand,2,fighter,at:10,,,,,0,Claymore,0,,,,
E_W#1000099,远古者大剑,,Hand,2,fighter,at:10,,,,,0,Claymore,0,,,,
E_W#1000100,裁决之手巨剑,,Hand,2,fighter,at:10,,,,,0,Claymore,0,,,,
E_W#1000101,符文大剑,,Hand,2,fighter,at:10,,,,,0,Claymore,0,,,,
E_W#1000102,苍蓝者长枪,,Hand,2,fighter,at:10,,,,,0,Longhandle,0,,,,
E_W#1000103,厄运之骑士长枪,,Hand,2,fighter,at:10,,,,,0,Longhandle,0,,,,
E_W#1000104,百鬼之刺,,Hand,2,fighter,at:10,,,,,0,Longhandle,0,,,,
E_W#1000105,怒火长枪,,Hand,2,fighter,at:10,,,,,0,Longhandle,0,,,,
E_W#1000106,一闪斩影长枪,,Hand,2,fighter,at:10,,,,,0,Longhandle,0,,,,
E_W#1000107,精灵长弓,,Hand,2,ranger,at:8|accur:5,,,,,0,Bow,0,,,,
E_W#1000108,魔兽怒吼,,Hand,2,ranger,at:8|accur:5,,,,,0,Bow,0,,,,
E_W#1000109,远古符文,,Hand,2,ranger,at:8|accur:5,,,,,0,Bow,0,,,,
E_W#1000110,怒火精灵,,Hand,2,ranger,at:8|accur:5,,,,,0,Bow,0,,,,
E_W#1000111,守护者之眼,,Hand,2,ranger,at:8|accur:5,,,,,0,Bow,0,,,,
E_W#1000112,苍蓝之翼,,Hand,2,ranger,at:8|crit:4,,,,,0,Sharp,0,,,,
E_W#1000113,猎魂,,Hand,2,ranger,at:8|crit:4,,,,,0,Sharp,0,,,,
E_W#1000114,百鬼怨灵,,Hand,2,ranger,at:8|crit:4,,,,,0,Sharp,0,,,,
E_W#1000115,冰火之影,,Hand,2,ranger,at:8|crit:4,,,,,0,Sharp,0,,,,
E_W#1000116,干将莫邪,,Hand,2,ranger,at:8|crit:4,,,,,0,Sharp,0,,,,
E_W#1000117,飞升之力,,Hand,2,priest,mt:8:md:4,,,,,0,Amulet,0,,,,
E_W#1000118,无上荣耀,,Hand,2,priest,mt:8:md:4,,,,,0,Amulet,0,,,,
E_W#1000119,远古圣王,,Hand,2,priest,mt:8:md:4,,,,,0,Amulet,0,,,,
E_W#1000120,天选之人十字架,,Hand,2,priest,mt:8:md:4,,,,,0,Amulet,0,,,,
E_W#1000121,雷神之怒十字架,,Hand,2,priest,mt:8:md:4,,,,,0,Amulet,0,,,,
E_W#1000122,天空魔法,,Hand,2,caster,mt:10,,,,,0,Enhance,0,,,,
E_W#1000123,智者之傲,,Hand,2,caster,mt:10,,,,,0,Enhance,0,,,,
E_W#1000124,鬼魂封锁,,Hand,2,caster,mt:10,,,,,0,Enhance,0,,,,
E_W#1000125,烈火之杖,,Hand,2,caster,mt:10,,,,,0,Enhance,0,,,,
E_W#1000126,巫女的飞翔法杖,,Hand,2,caster,mt:10,,,,,0,Enhance,0,,,,
E_W#1000127,精灵魔法书,,Hand,2,caster,mt:7|crit:4,,,,,0,Assist,0,,,,
E_W#1000128,恶魔秘诀,,Hand,2,caster,mt:7|crit:4,,,,,0,Assist,0,,,,
E_W#1000129,远古禁忌,,Hand,2,caster,mt:7|crit:4,,,,,0,Assist,0,,,,
E_W#1000130,火精灵之卷,,Hand,2,caster,mt:7|crit:4,,,,,0,Assist,0,,,,
E_W#1000131,黑色卷轴,,Hand,2,caster,mt:7|crit:4,,,,,0,Assist,0,,,,
E_W#1000132,巨龙解放之刃,,Hand,3,fighter,at:15,,,,,0,Claymore,0,,,,
E_W#1000133,满月落樱,,Hand,3,fighter,at:15,,,,,0,Claymore,0,,,,
E_W#1000134,鲜红狂嗜,,Hand,3,fighter,at:15,,,,,0,Claymore,0,,,,
E_W#1000135,王者之剑,,Hand,3,fighter,at:15,,,,,0,Claymore,0,,,,
E_W#1000136,恶魔无锋,,Hand,3,fighter,at:15,,,,,0,Claymore,0,,,,
E_W#1000137,王国守护者,,Hand,3,fighter,at:15,,,,,0,Claymore,0,,,,
E_W#1000138,巨龙碎裂者,,Hand,3,fighter,at:15,,,,,0,Claymore,0,,,,
E_W#1000139,恶魔湮灭,,Hand,3,fighter,at:15,,,,,0,Claymore,0,,,,
E_W#1000140,暗影终结者,,Hand,3,ranger,at:12|accur:6,,,,,0,Bow,0,,,,
E_W#1000141,疾风-岚,,Hand,3,ranger,at:12|accur:6,,,,,0,Bow,0,,,,
E_W#1000142,潜龙谍影,,Hand,3,ranger,at:12|accur:6,,,,,0,Bow,0,,,,
E_W#1000143,雷电陨落,,Hand,3,ranger,at:12|accur:6,,,,,0,Bow,0,,,,
E_W#1000144,天命无双,,Hand,3,ranger,at:11|crit:6,,,,,0,Sharp,0,,,,
E_W#1000145,飓风掠影之刃,,Hand,3,ranger,at:11|crit:6,,,,,0,Sharp,0,,,,
E_W#1000146,阴阳双刀,,Hand,3,ranger,at:11|crit:6,,,,,0,Sharp,0,,,,
E_W#1000147,灵魂禁锢,,Hand,3,ranger,at:11|crit:6,,,,,0,Sharp,0,,,,
E_W#1000148,耀光神王,,Hand,3,priest,mt:12|md:7,,,,,0,Amulet,0,,,,
E_W#1000149,守护女神十字架,,Hand,3,priest,mt:12|md:7,,,,,0,Amulet,0,,,,
E_W#1000150,混沌遗物,,Hand,3,priest,mt:12|md:7,,,,,0,Amulet,0,,,,
E_W#1000151,精灵王的召唤,,Hand,3,priest,mt:12|md:7,,,,,0,Amulet,0,,,,
E_W#1000152,大贤者法杖,,Hand,3,caster,mt:15,,,,,0,Enhance,0,,,,
E_W#1000153,爆裂魔杖,,Hand,3,caster,mt:15,,,,,0,Enhance,0,,,,
E_W#1000154,万年守护者,,Hand,3,caster,mt:15,,,,,0,Enhance,0,,,,
E_W#1000155,魔女链接,,Hand,3,caster,mt:15,,,,,0,Enhance,0,,,,
E_W#1000156,终结之卷,,Hand,3,caster,mt:12|crit:6,,,,,0,Assist,0,,,,
E_W#1000157,魔力爆发之书,,Hand,3,caster,mt:12|crit:6,,,,,0,Assist,0,,,,
E_W#1000158,大天使目录,,Hand,3,caster,mt:12|crit:6,,,,,0,Assist,0,,,,
E_W#1000159,异界启示录,,Hand,3,caster,mt:12|crit:6,,,,,0,Assist,0,,,,
E_J#1000001,破损的骑士指环,,finger,0,,,,,,,0,,0,,,,
E_J#1000002,生锈的黑铁指环,,finger,0,,,,,,,0,,0,,,,
E_J#1000003,老旧的精钢指环,,finger,0,,,,,,,0,,0,,,,
E_J#1000004,遗弃的骑士指环,,finger,0,,,,,,,0,,0,,,,
E_J#1000005,普通的黑钢指环,,finger,0,,,,,,,0,,0,,,,
E_J#1000006,闪耀的水晶指环,,finger,0,,,,,,,0,,0,,,,
E_J#1000007,精良的宝石指环,,finger,0,,,,,,,0,,0,,,,
E_J#1000008,黑铁指环,,finger,1,,,,,,,0,,0,,,,
E_J#1000009,牧师指环,,finger,1,,,,,,,0,,0,,,,
E_J#1000010,大蛇指环,,finger,1,,,,,,,0,,0,,,,
E_J#1000011,水晶指环,,finger,1,,,,,,,0,,0,,,,
E_J#1000012,暗影指环,,finger,1,,,,,,,0,,0,,,,
E_J#1000013,黑曜石指环,,finger,1,,,,,,,0,,0,,,,
E_J#1000014,百战指环,,finger,1,,,,,,,0,,0,,,,
E_J#1000015,荣耀之戒,,finger,2,,,,,,,0,,0,,,,
E_J#1000016,狂暴者指环,,finger,2,,,,,,,0,,0,,,,
E_J#1000017,狂龙之戒,,finger,2,,,,,,,0,,0,,,,
E_J#1000018,恶魔之瞳,,finger,2,,,,,,,0,,0,,,,
E_J#1000019,天使之羽,,finger,2,,,,,,,0,,0,,,,
E_J#1000020,妖精物语,,finger,3,,,,,,,0,,0,,,,
E_J#1000021,大地守备,,finger,3,,,,,,,0,,0,,,,
E_J#1000022,混沌之力,,finger,3,,,,,,,0,,0,,,,
E_J#1000023,深渊之源,,finger,3,,,,,,,0,,0,,,,
